{
  "reference": {
    "Label_1_vol_ml": 100.65884122489095,
    "Label_2_vol_ml": 105.68539561005234,
    "Label_3_vol_ml": 42.41060586057902,
    "Label_4_vol_ml": 62.990526570314174,
    "Label_5_vol_ml": 57.56864583026171,
    "Label_6_vol_ml": 27.11788689773083,
    "Label_7_vol_ml": 8.640794565689564,
    "Label_8_vol_ml": 13.135950733351706,
    "Total_heart_vol": 418.2086472928703
  },
  "condition_multipliers": {
    "Normal": {
      "Label_1_vol_ml": 0.9014057468336759,
      "Label_2_vol_ml": 0.9640134394475705,
      "Label_3_vol_ml": 1.2823990391983033,
      "Label_4_vol_ml": 1.1246553439870497,
      "Label_5_vol_ml": 1.3138820544945757,
      "Label_6_vol_ml": 1.3952119851359186,
      "Label_7_vol_ml": 1.1537308406847042,
      "Label_8_vol_ml": 0.9436840639725653,
      "Total_heart_vol": 1.084830515014649
    },
    "MildModerateDilation": {
      "Label_1_vol_ml": 1.3106947995528841,
      "Label_2_vol_ml": 1.667017501888215,
      "Label_3_vol_ml": 1.418066939467193,
      "Label_4_vol_ml": 1.152306956580412,
      "Label_5_vol_ml": 1.291744918107089,
      "Label_6_vol_ml": 1.1811528309012256,
      "Label_7_vol_ml": 1.5983057529830038,
      "Label_8_vol_ml": 1.4534646758351069,
      "Total_heart_vol": 1.3871917146692458
    },
    "VSD": {
      "Label_1_vol_ml": 0.4256919295018197,
      "Label_2_vol_ml": 0.4929976866110052,
      "Label_3_vol_ml": 0.9318462768797021,
      "Label_4_vol_ml": 0.3890244217726857,
      "Label_5_vol_ml": 0.6437172307423222,
      "Label_6_vol_ml": 0.47713713622155235,
      "Label_7_vol_ml": 0.47000586177770387,
      "Label_8_vol_ml": 0.7049354712216133,
      "Total_heart_vol": 0.5315419314161492
    },
    "ASD": {
      "Label_1_vol_ml": 0.47439449732645567,
      "Label_2_vol_ml": 0.3,
      "Label_3_vol_ml": 0.832623967037532,
      "Label_4_vol_ml": 0.4229127874350939,
      "Label_5_vol_ml": 0.7616287986139993,
      "Label_6_vol_ml": 0.39436282575968207,
      "Label_7_vol_ml": 0.9131458081088729,
      "Label_8_vol_ml": 1.0044176527496245,
      "Total_heart_vol": 0.5069440149088988
    },
    "DORV": {
      "Label_1_vol_ml": 0.3596083687524308,
      "Label_2_vol_ml": 0.39117904604083203,
      "Label_3_vol_ml": 0.9896718742393339,
      "Label_4_vol_ml": 0.3,
      "Label_5_vol_ml": 0.6034070645882761,
      "Label_6_vol_ml": 0.33228167563552036,
      "Label_7_vol_ml": 0.42394460628496744,
      "Label_8_vol_ml": 0.7396864400960343,
      "Total_heart_vol": 0.46351970332640213
    },
    "DLoopTGA": {
      "Label_1_vol_ml": 0.5059928019053123,
      "Label_2_vol_ml": 0.3,
      "Label_3_vol_ml": 0.4795438969526977,
      "Label_4_vol_ml": 0.3010384959289538,
      "Label_5_vol_ml": 0.5643260440714485,
      "Label_6_vol_ml": 0.3,
      "Label_7_vol_ml": 0.3,
      "Label_8_vol_ml": 0.7304684627473643,
      "Total_heart_vol": 0.37462695687315184
    },
    "ArterialSwitch": {
      "Label_1_vol_ml": 1.0,
      "Label_2_vol_ml": 1.0,
      "Label_3_vol_ml": 1.0,
      "Label_4_vol_ml": 1.0,
      "Label_5_vol_ml": 1.0,
      "Label_6_vol_ml": 1.0,
      "Label_7_vol_ml": 1.0,
      "Label_8_vol_ml": 1.0,
      "Total_heart_vol": 1.0
    },
    "BilateralSVC": {
      "Label_1_vol_ml": 0.714798770050375,
      "Label_2_vol_ml": 0.40756217429662883,
      "Label_3_vol_ml": 1.4871162512957719,
      "Label_4_vol_ml": 0.42229395379824025,
      "Label_5_vol_ml": 1.0279497584958184,
      "Label_6_vol_ml": 0.6582798723867794,
      "Label_7_vol_ml": 2.0549206304675827,
      "Label_8_vol_ml": 1.4361981236256494,
      "Total_heart_vol": 0.7612109812302724
    },
    "SevereDilation": {
      "Label_1_vol_ml": 1.717177425047162,
      "Label_2_vol_ml": 1.505714900974112,
      "Label_3_vol_ml": 2.1169591651302837,
      "Label_4_vol_ml": 2.742712703090821,
      "Label_5_vol_ml": 1.8326498173505255,
      "Label_6_vol_ml": 2.1351997558607647,
      "Label_7_vol_ml": 1.4483331563941908,
      "Label_8_vol_ml": 1.472643956065418,
      "Total_heart_vol": 1.8885123718169432
    },
    "TortuousVessels": {
      "Label_1_vol_ml": 0.49089741784561297,
      "Label_2_vol_ml": 0.3,
      "Label_3_vol_ml": 1.4689115318505106,
      "Label_4_vol_ml": 0.543902639454726,
      "Label_5_vol_ml": 0.9525807810173087,
      "Label_6_vol_ml": 0.4350570523692949,
      "Label_7_vol_ml": 0.8089478413711958,
      "Label_8_vol_ml": 2.1822511982328825,
      "Total_heart_vol": 0.6344828710426524
    },
    "Dextrocardia": {
      "Label_1_vol_ml": 0.48375413636904996,
      "Label_2_vol_ml": 0.5091779205232706,
      "Label_3_vol_ml": 1.4953173648149336,
      "Label_4_vol_ml": 0.3,
      "Label_5_vol_ml": 0.7393687001047651,
      "Label_6_vol_ml": 0.6360265024274357,
      "Label_7_vol_ml": 0.5887619375013105,
      "Label_8_vol_ml": 1.4757186502270454,
      "Total_heart_vol": 0.6361181373767558
    },
    "Mesocardia": {
      "Label_1_vol_ml": 0.3953366665564685,
      "Label_2_vol_ml": 0.3,
      "Label_3_vol_ml": 1.0338624199604012,
      "Label_4_vol_ml": 0.46396317177416224,
      "Label_5_vol_ml": 0.5508827842407412,
      "Label_6_vol_ml": 0.3,
      "Label_7_vol_ml": 0.4187614941931002,
      "Label_8_vol_ml": 0.9318902477644444,
      "Total_heart_vol": 0.45676725533686247
    },
    "InvertedVentricles": {
      "Label_1_vol_ml": 0.4055009975459611,
      "Label_2_vol_ml": 0.471366568663715,
      "Label_3_vol_ml": 0.9865079392613426,
      "Label_4_vol_ml": 0.3,
      "Label_5_vol_ml": 0.5517794486037246,
      "Label_6_vol_ml": 0.5242921657684303,
      "Label_7_vol_ml": 0.42803653978030154,
      "Label_8_vol_ml": 0.8919352309302823,
      "Total_heart_vol": 0.5041686795708503
    },
    "InvertedAtria": {
      "Label_1_vol_ml": 0.5017140273986886,
      "Label_2_vol_ml": 0.3,
      "Label_3_vol_ml": 1.2426947400283201,
      "Label_4_vol_ml": 0.36458589648035894,
      "Label_5_vol_ml": 0.8059674802540532,
      "Label_6_vol_ml": 0.4373538165317455,
      "Label_7_vol_ml": 0.5617890692218924,
      "Label_8_vol_ml": 1.3700477231253854,
      "Total_heart_vol": 0.558952747585668
    },
    "LeftCentralIVC": {
      "Label_1_vol_ml": 0.4273856176913974,
      "Label_2_vol_ml": 0.3429207908708823,
      "Label_3_vol_ml": 1.3375403386180988,
      "Label_4_vol_ml": 0.3,
      "Label_5_vol_ml": 0.6234881860856502,
      "Label_6_vol_ml": 0.3,
      "Label_7_vol_ml": 0.5121006122648473,
      "Label_8_vol_ml": 1.1470723001696035,
      "Total_heart_vol": 0.5036137419953327
    },
    "LeftCentralSVC": {
      "Label_1_vol_ml": 0.41875504071519565,
      "Label_2_vol_ml": 0.493916785675506,
      "Label_3_vol_ml": 1.5547861600196948,
      "Label_4_vol_ml": 0.3,
      "Label_5_vol_ml": 0.5751381810232273,
      "Label_6_vol_ml": 0.3454325383406538,
      "Label_7_vol_ml": 0.39139104911610745,
      "Label_8_vol_ml": 1.1406375510320752,
      "Total_heart_vol": 0.5567886903952486
    },
    "LLoopTGA": {
      "Label_1_vol_ml": 0.9323415136084788,
      "Label_2_vol_ml": 0.592481397244532,
      "Label_3_vol_ml": 1.2021276453111795,
      "Label_4_vol_ml": 0.6901718089114754,
      "Label_5_vol_ml": 0.7471179546833044,
      "Label_6_vol_ml": 1.4555187380997285,
      "Label_7_vol_ml": 0.6109929368608185,
      "Label_8_vol_ml": 1.6756652164288444,
      "Total_heart_vol": 0.8624746968472216
    },
    "AtrialSwitch": {
      "Label_1_vol_ml": 1.0,
      "Label_2_vol_ml": 1.0,
      "Label_3_vol_ml": 1.0,
      "Label_4_vol_ml": 1.0,
      "Label_5_vol_ml": 1.0,
      "Label_6_vol_ml": 1.0,
      "Label_7_vol_ml": 1.0,
      "Label_8_vol_ml": 1.0,
      "Total_heart_vol": 1.0
    },
    "Rastelli": {
      "Label_1_vol_ml": 1.4555863046249364,
      "Label_2_vol_ml": 0.7436912961850206,
      "Label_3_vol_ml": 1.991299590188097,
      "Label_4_vol_ml": 1.0599581197086834,
      "Label_5_vol_ml": 2.010025745459224,
      "Label_6_vol_ml": 2.0076342291391236,
      "Label_7_vol_ml": 3.0,
      "Label_8_vol_ml": 1.9408151853442364,
      "Total_heart_vol": 1.4973996348239413
    },